Life Mail-Pranzo Italian Restaurant,2516
Work Mails-Operating System-Windows Phone,297
Life Mail-Maglietta Tshirt,2554
Work Mails-Attack-Exploit,54910
Life Mail-Anons Announcements,2017
Work Mails-Operating System-Linux,1816
Work Mails-Attack-Malware,2962
Work Mails-Attack-RCS,29815
Work Mails-Operating System-Android,27347
Life Mail-Torta Pie,32
Work Mails-Attack-0day,968
Life Mail-Hotel,6992
Work Mails-Operating System-IOS,5322
Work Mails-Operating System-Symbian,1291
Work Mails-Operating System-Mac,3482
Life Mail-Visa Bank Card,1105
Work Mails-Attack-Botnet,309
Life Mail-Delta Airline,39
Life Mail-Ticket,4044
Life Mail-Biglietti Backpackers Inn,6090
Life Mail-Aerei Airline,4864
Life Mail-Gift,418
Work Mails-Operating System-Windows,10248
Work Mails-Attack-DDOS,515
Work Mails-Operating System-Blackberry,5177
Life Mail-Itinerary,8613
Life Mail-Pasticcini Pastry,690
